{"$schema":"http://schema.management.azure.com/schemas/2015-01-01/deploymentTemplate.json#","contentVersion":"1.0.0.0","parameters":{"NYC_Lakehouse":{"type":"string"},"NYC_warehouse":{"type":"string"}},"variables":{},"resources":[{"name":"NYC_staging_copy","type":"pipelines","apiVersion":"2018-06-01","properties":{"activities":[{"name":"NYC_staging_copy","type":"Copy","dependsOn":[{"activity":"v_date","dependencyConditions":["Succeeded"]}],"policy":{"timeout":"0.12:00:00","retry":0,"retryIntervalInSeconds":30,"secureOutput":false,"secureInput":false},"typeProperties":{"source":{"type":"ParquetSource","storeSettings":{"type":"LakehouseReadSettings","recursive":true,"enablePartitionDiscovery":false},"formatSettings":{"type":"ParquetReadSettings"},"datasetSettings":{"annotations":[],"linkedService":{"name":"NYC_Lakehouse","properties":{"annotations":[],"type":"Lakehouse","typeProperties":{"workspaceId":"3f19b608-c9aa-4336-a275-2184135932c8","artifactId":"[parameters('NYC_Lakehouse')]","rootFolder":"Files"}}},"type":"Parquet","typeProperties":{"location":{"type":"LakehouseLocation","fileName":{"value":"@concat('yellow_tripdata_',variables('v_date'),'.parquet')","type":"Expression"},"folderPath":"NYC_parquet_files"},"compressionCodec":"snappy"},"schema":[]}},"sink":{"type":"DataWarehouseSink","preCopyScript":"delete from stg.nyctaxi_yellow","allowCopyCommand":true,"copyCommandSettings":{},"disableMetricsCollection":false,"datasetSettings":{"annotations":[],"linkedService":{"name":"NYC_warehouse","properties":{"annotations":[],"type":"DataWarehouse","typeProperties":{"endpoint":"jgpwub7cffeuvdrk4z3joxrz7u-bc3bsp5kze3ehitvegcbgwjsza.datawarehouse.fabric.microsoft.com","artifactId":"[parameters('NYC_warehouse')]","workspaceId":"3f19b608-c9aa-4336-a275-2184135932c8"}}},"type":"DataWarehouseTable","schema":[],"typeProperties":{"schema":"stg","table":"nyctaxi_yellow"}}},"enableStaging":true,"translator":{"type":"TabularTranslator","typeConversion":true,"typeConversionSettings":{"allowDataTruncation":true,"treatBooleanAsNumber":false}}}},{"name":"Remove outliers","type":"SqlServerStoredProcedure","dependsOn":[{"activity":"End date","dependencyConditions":["Succeeded"]}],"policy":{"timeout":"0.12:00:00","retry":0,"retryIntervalInSeconds":30,"secureOutput":false,"secureInput":false},"typeProperties":{"storedProcedureName":"[[stg].[data_cleaning_stg]","storedProcedureParameters":{"end_date":{"value":{"value":"@variables('v_end_date')","type":"Expression"},"type":"Datetime"},"start_date":{"value":{"value":"@variables('v_start_date')","type":"Expression"},"type":"Datetime"}}},"linkedService":{"name":"NYC_warehouse","properties":{"annotations":[],"type":"DataWarehouse","typeProperties":{"endpoint":"jgpwub7cffeuvdrk4z3joxrz7u-bc3bsp5kze3ehitvegcbgwjsza.datawarehouse.fabric.microsoft.com","artifactId":"[parameters('NYC_warehouse')]","workspaceId":"3f19b608-c9aa-4336-a275-2184135932c8"}}}},{"name":"Start date","type":"SetVariable","dependsOn":[{"activity":"NYC_staging_copy","dependencyConditions":["Succeeded"]}],"policy":{"secureOutput":false,"secureInput":false},"typeProperties":{"variableName":"v_start_date","value":{"value":"@concat(variables('v_date'),'-01')","type":"Expression"}}},{"name":"End date","type":"SetVariable","dependsOn":[{"activity":"Start date","dependencyConditions":["Succeeded"]}],"policy":{"secureOutput":false,"secureInput":false},"typeProperties":{"variableName":"v_end_date","value":{"value":"@addToTime(variables('v_start_date'),1, 'Month')","type":"Expression"}}},{"name":"Loading staging metadata","type":"SqlServerStoredProcedure","dependsOn":[{"activity":"Remove outliers","dependencyConditions":["Succeeded"]}],"policy":{"timeout":"0.12:00:00","retry":0,"retryIntervalInSeconds":30,"secureOutput":false,"secureInput":false},"typeProperties":{"storedProcedureName":"[[metadeta].[insert_staging_metadata]","storedProcedureParameters":{"pipeline_run_id":{"value":{"value":"@pipeline().RunId","type":"Expression"},"type":"String"},"processed_date":{"value":{"value":"@pipeline().TriggerTime","type":"Expression"},"type":"Datetime"},"table_name":{"value":"staging_nyctaxi_yellow","type":"String"}}},"linkedService":{"name":"NYC_warehouse","properties":{"annotations":[],"type":"DataWarehouse","typeProperties":{"endpoint":"jgpwub7cffeuvdrk4z3joxrz7u-bc3bsp5kze3ehitvegcbgwjsza.datawarehouse.fabric.microsoft.com","artifactId":"[parameters('NYC_warehouse')]","workspaceId":"3f19b608-c9aa-4336-a275-2184135932c8"}}}},{"name":"Latest Processed date","type":"Script","dependsOn":[],"policy":{"timeout":"0.12:00:00","retry":0,"retryIntervalInSeconds":30,"secureOutput":false,"secureInput":false},"linkedService":{"name":"NYC_warehouse","properties":{"annotations":[],"type":"DataWarehouse","typeProperties":{"endpoint":"jgpwub7cffeuvdrk4z3joxrz7u-bc3bsp5kze3ehitvegcbgwjsza.datawarehouse.fabric.microsoft.com","artifactId":"[parameters('NYC_warehouse')]","workspaceId":"3f19b608-c9aa-4336-a275-2184135932c8"}}},"typeProperties":{"scripts":[{"type":"Query","text":{"value":"SELECT \r\n    top 1 latest_processed_pickup_datetime \r\nfrom \r\n    metadeta.processing_log \r\nwhere \r\n    table_processed = 'staging_nyctaxi_yellow' \r\norder by \r\n    latest_processed_pickup_datetime desc","type":"Expression"}}],"scriptBlockExecutionTimeout":"02:00:00"}},{"name":"v_date","type":"SetVariable","dependsOn":[{"activity":"Latest Processed date","dependencyConditions":["Succeeded"]}],"policy":{"secureOutput":false,"secureInput":false},"typeProperties":{"variableName":"v_date","value":{"value":"@formatDateTime(addToTime(activity('Latest Processed date').output.resultSets[0].rows[0].latest_processed_pickup_datetime,1,'Month'),'yyyy-MM')","type":"Expression"}}}],"variables":{"v_date":{"type":"String","defaultValue":"2025-01"},"v_start_date":{"type":"String"},"v_end_date":{"type":"String"}},"lastModifiedByObjectId":"0873491d-6041-4b1c-b782-18f9d767ab9c","lastPublishTime":"2025-05-05T08:37:51Z"},"dependsOn":[]}]}