{"$schema":"http://schema.management.azure.com/schemas/2015-01-01/deploymentTemplate.json#","contentVersion":"1.0.0.0","parameters":{"NYC_warehouse":{"type":"string"}},"variables":{},"resources":[{"name":"pl_pres_processing_nyctaxi","type":"pipelines","apiVersion":"2018-06-01","properties":{"activities":[{"name":"Process to presentation","type":"RefreshDataflow","dependsOn":[],"policy":{"timeout":"0.12:00:00","retry":0,"retryIntervalInSeconds":30,"secureOutput":false,"secureInput":false},"typeProperties":{"dataflowId":"afdba030-b289-4ad5-9ae8-932d5358b48c","workspaceId":"3f19b608-c9aa-4336-a275-2184135932c8","notifyOption":"NoNotification","dataflowType":"DataflowFabric"}},{"name":"SP loading presentation metadata","type":"SqlServerStoredProcedure","dependsOn":[{"activity":"Process to presentation","dependencyConditions":["Succeeded"]}],"policy":{"timeout":"0.12:00:00","retry":0,"retryIntervalInSeconds":30,"secureOutput":false,"secureInput":false},"typeProperties":{"storedProcedureName":"[[metadeta].[insert_presentation_metadata]","storedProcedureParameters":{"pipeline_run_id":{"value":{"value":"@pipeline().RunId","type":"Expression"},"type":"String"},"processed_date":{"value":{"value":"@pipeline().TriggerTime","type":"Expression"},"type":"Datetime"},"table_name":{"value":"presentation_nyctaxi_yellow","type":"String"}}},"linkedService":{"name":"NYC_warehouse","properties":{"annotations":[],"type":"DataWarehouse","typeProperties":{"endpoint":"jgpwub7cffeuvdrk4z3joxrz7u-bc3bsp5kze3ehitvegcbgwjsza.datawarehouse.fabric.microsoft.com","artifactId":"[parameters('NYC_warehouse')]","workspaceId":"3f19b608-c9aa-4336-a275-2184135932c8"}}}}],"lastModifiedByObjectId":"0873491d-6041-4b1c-b782-18f9d767ab9c","lastPublishTime":"2025-05-05T09:46:21Z"},"dependsOn":[]}]}